{
  "vrmPose": {
    "hips": {
      "rotation": [
        0,
        0,
        0,
        1
      ],
      "position": [
        0,
        0.58,
        0
      ]
    },
    "spine": {
      "rotation": [
        0.043619387365336,
        0,
        0,
        0.9990482215818578
      ]
    },
    "chest": {
      "rotation": [
        0.04433177297583243,
        0.04281069553005697,
        0.019321561770695026,
        0.9979121281474604
      ]
    },
    "neck": {
      "rotation": [
        0.08715574274765817,
        0,
        0,
        0.9961946980917455
      ]
    },
    "head": {
      "rotation": [
        0.1370658367491441,
        -0.07474847900899456,
        -0.09741411442580997,
        0.9829222306941348
      ]
    },
    "leftUpperLeg": {
      "rotation": [
        0.6749471954365435,
        -0.029468830966215255,
        0.0321595857500041,
        0.7365756121527628
      ]
    },
    "leftLowerLeg": {
      "rotation": [
        -0.6755902076156602,
        0,
        0,
        0.737277336810124
      ]
    },
    "leftFoot": {
      "rotation": [
        0,
        0,
        0,
        1
      ]
    },
    "rightUpperLeg": {
      "rotation": [
        0.6749471954365435,
        0.029468830966215255,
        -0.0321595857500041,
        0.7365756121527628
      ]
    },
    "rightLowerLeg": {
      "rotation": [
        -0.6755902076156602,
        0,
        0,
        0.737277336810124
      ]
    },
    "rightFoot": {
      "rotation": [
        0,
        0,
        0,
        1
      ]
    },
    "leftUpperArm": {
      "rotation": [
        -0.010603192619334761,
        -0.15576248272346715,
        0.5922314150531206,
        0.7904983063272668
      ]
    },
    "leftLowerArm": {
      "rotation": [
        0,
        -0.3420201433256687,
        0,
        0.9396926207859084
      ]
    },
    "leftHand": {
      "rotation": [
        0.17298739392508944,
        -0.01513443590133862,
        0.08583165117743129,
        0.9810602621904069
      ]
    },
    "leftIndexProximal": {
      "rotation": [
        0,
        0,
        0.3420201433256687,
        0.9396926207859084
      ]
    },
    "leftMiddleProximal": {
      "rotation": [
        0,
        0,
        0.3826834323650898,
        0.9238795325112867
      ]
    },
    "leftRingProximal": {
      "rotation": [
        0,
        0,
        0.42261826174069944,
        0.9063077870366499
      ]
    },
    "leftLittleProximal": {
      "rotation": [
        0,
        0,
        0.4617486132350339,
        0.8870108331782217
      ]
    },
    "rightUpperArm": {
      "rotation": [
        -0.19134171618254486,
        0.3314135740355918,
        -0.4619397662556433,
        0.8001031451912656
      ]
    },
    "rightLowerArm": {
      "rotation": [
        0.07898992833716563,
        0.9028590122851735,
        0.03683360850073487,
        0.4210100716628344
      ]
    },
    "rightHand": {
      "rotation": [
        -0.12854320606946854,
        -0.022665635416815415,
        -0.17216259343480453,
        0.9763825861650423
      ]
    },
    "rightIndexProximal": {
      "rotation": [
        0,
        0,
        -0.25881904510252074,
        0.9659258262890683
      ]
    },
    "rightIndexIntermediate": {
      "rotation": [
        0,
        0,
        -0.3420201433256687,
        0.9396926207859084
      ]
    },
    "rightMiddleProximal": {
      "rotation": [
        0,
        0,
        -0.49999999999999994,
        0.8660254037844387
      ]
    },
    "rightMiddleIntermediate": {
      "rotation": [
        0,
        0,
        -0.49999999999999994,
        0.8660254037844387
      ]
    },
    "rightRingProximal": {
      "rotation": [
        0,
        0,
        -0.573576436351046,
        0.8191520442889918
      ]
    },
    "rightRingIntermediate": {
      "rotation": [
        0,
        0,
        -0.573576436351046,
        0.8191520442889918
      ]
    },
    "rightLittleProximal": {
      "rotation": [
        0,
        0,
        -0.573576436351046,
        0.8191520442889918
      ]
    },
    "rightLittleIntermediate": {
      "rotation": [
        0,
        0,
        -0.573576436351046,
        0.8191520442889918
      ]
    }
  }
}